sourceCode,sourceName,sourceFrequency,sourceAutoAssignedConceptIds,ADD_INFO:truncated,matchScore,mappingStatus,conceptId,comment
b211.00,BENDROFLUMETHIAZIDE 2.5mg tablets,1336,,b211.00,0.84698885679245,UNCHECKED,19073982,
a6b1.00,OMEPRAZOLE 20mg e/c capsules,1186,,a6b1.00,0.5908536314964294,UNCHECKED,43769269,
bxd5.00,SIMVASTATIN 40mg tablets,685,,bxd5.00,0.7976468205451965,UNCHECKED,1539407,
bu23.00,ASPIRIN 75mg dispersible tablets,667,,bu23.00,0.5306527614593506,UNCHECKED,19004043,
bxd2.00,SIMVASTATIN 20mg tablets,500,,bxd2.00,0.8004183769226074,UNCHECKED,1539411,
fo4y.00,ALENDRONIC ACID 70mg tablets,482,,fo4y.00,0.7934302687644958,UNCHECKED,40173612,
da91.00,CITALOPRAM 20mg tablets,481,,da91.00,0.7599030137062073,UNCHECKED,19023636,
blc2.00,FELODIPINE 10mg m/r tablets,390,,blc2.00,0.4944545030593872,UNCHECKED,41148653,
blb2.00,AMLODIPINE 10mg tablets,375,,blb2.00,0.7740095257759094,UNCHECKED,19073093,
f41y.00,METFORMIN HYDROCHLORIDE 500mg tablets,351,,f41y.00,0.8778005242347717,UNCHECKED,40164929,
bi32.00,LISINOPRIL 5mg tablets,343,,bi32.00,0.7224949598312378,UNCHECKED,1308251,
f923.00,LEVOTHYROXINE SODIUM 100micrograms tablets,330,,f923.00,0.6574922204017639,UNCHECKED,40169799,
di21.00,PARACETAMOL 500mg tablets,318,,di21.00,0.5169259905815125,UNCHECKED,41091617,
bd35.00,ATENOLOL 50mg tablets,316,,bd35.00,0.7019829154014587,UNCHECKED,1314008,
h341.00,METHOTREXATE 2.5mg tablets,309,,h341.00,0.7979962825775146,UNCHECKED,19007332,
d713.00,AMITRIPTYLINE 50mg tablets,307,,d713.00,0.7848285436630249,UNCHECKED,42931449,
bd36.00,ATENOLOL 100mg tablets,303,,bd36.00,0.7168581485748291,UNCHECKED,1314006,
d711.00,AMITRIPTYLINE 10mg tablets,291,,d711.00,0.7912165522575378,UNCHECKED,710185,
bxi3.00,ATORVASTATIN 40mg tablets,289,,bxi3.00,0.7752214074134827,UNCHECKED,1545996,
a6b7.00,OMEPRAZOLE 10mg e/c capsules,288,,a6b7.00,0.5860450267791748,UNCHECKED,43589291,
j22e.00,DICLOFENAC 50mg e/c tablets,286,,j22e.00,0.5049764513969421,UNCHECKED,44086586,
blb1.00,AMLODIPINE 5mg tablets,280,,blb1.00,0.7471714019775391,UNCHECKED,1332419,
dia6.00,CO-DYDRAMOL tablets,278,,dia6.00,0.6185548901557922,UNCHECKED,21025502,
d712.00,AMITRIPTYLINE 25mg tablets,269,,d712.00,0.7822332382202148,UNCHECKED,19085723,
dian.00,PARACETAMOL+CODEINE PHOSPHATE 500mg/30mg tablets,267,,dian.00,0.4660802781581879,UNCHECKED,40223099,
dibD.00,PARACETAMOL+CODEINE PHOSPHATE 500mg/30mg capsules,258,,dibD.00,0.4969913065433502,UNCHECKED,40223203,
bxi1.00,ATORVASTATIN 10mg tablets,257,,bxi1.00,0.7738584876060486,UNCHECKED,1545997,
puhx.00,AVIVA blood glucose testing strip,242,,puhx.00,0.4244500696659088,UNCHECKED,1560524,
j2c2.00,NAPROXEN 500mg tablets,237,,j2c2.00,0.8065303564071655,UNCHECKED,19019273,
a6c3.00,LANSOPRAZOLE 15mg capsules,230,,a6c3.00,0.8076384663581848,UNCHECKED,40991405,
c8n1.00,CETIRIZINE 10mg tablets,230,,c8n1.00,0.645703136920929,UNCHECKED,42957364,
puh1.00,BM TEST-1-44 blood glucose testing strip x50,221,,puh1.00,0.2278687059879303,UNCHECKED,19088905,
f35z.00,GLICLAZIDE 80mg tablets,221,,f35z.00,0.7895300388336182,UNCHECKED,19059797,
ka32.00,LACRI-LUBE eye ointment 5g,214,,ka32.00,0.5718356370925903,UNCHECKED,43295103,
bi62.00,RAMIPRIL 2.5mg capsules,213,,bi62.00,0.8191819787025452,UNCHECKED,1334459,
fe6i.00,PREDNISOLONE 5mg e/c tablets,212,,fe6i.00,0.52507084608078,UNCHECKED,1550560,
bu2c.00,ASPIRIN 75mg soluble tablets,207,,bu2c.00,0.5991414785385132,UNCHECKED,19004043,
dibt.00,TYLEX 500mg capsules,192,,dibt.00,0.563228964805603,UNCHECKED,1786682,
c8o1.00,LORATADINE 10mg tablets,186,,c8o1.00,0.6935712099075317,UNCHECKED,1107882,
ej76.00,QUININE SULPHATE 300mg tablets,186,,ej76.00,0.6041698455810547,UNCHECKED,1760620,
ip3j.00,ADCAL-D3 1.5g/10micrograms chewable tablets,183,,ip3j.00,0.5320279002189636,UNCHECKED,21152446,
bi61.00,RAMIPRIL 1.25mg capsules,170,,bi61.00,0.8409973382949829,UNCHECKED,1334535,
ip3e.00,CALCIUM CARBONATE+COLECALCIFEROL 1.25g/10micrograms tablets,166,,ip3e.00,0.45554503798484797,UNCHECKED,40019687,
ph7W.00,SOFTCLIX II 0.4mm(28gauge) lancet,165,,ph7W.00,0.17250946164131165,UNCHECKED,40221298,
bdf1.00,BISOPROLOL FUMARATE 5mg tablets,164,,bdf1.00,0.8243479132652283,UNCHECKED,40162878,
gc71.00,TAMSULOSIN HYDROCHLORIDE 400micrograms m/r capsules,162,,gc71.00,0.518295168876648,UNCHECKED,40166540,
ab2A.00,MANEVAC granules 400g,161,,ab2A.00,0.4648142457008362,UNCHECKED,35854739,
dnj2.00,GABAPENTIN 300mg capsules,156,,dnj2.00,0.8614880442619324,UNCHECKED,19077548,
bxi2.00,ATORVASTATIN 20mg tablets,147,,bxi2.00,0.7762871980667114,UNCHECKED,19123592,
k8i1.00,LATANOPROST 0.005% eye drops,144,,k8i1.00,0.5298992395401001,UNCHECKED,40239032,
cA11.00,MONTELUKAST 10mg tablets,143,,cA11.00,0.8423397541046143,UNCHECKED,19023368,
bi67.00,RAMIPRIL 10mg capsules,142,,bi67.00,0.8110893964767456,UNCHECKED,1334494,
m33s.00,LIDOCAINE 5% 10cmx14cm patches,139,,m33s.00,0.344963401556015,UNCHECKED,42629129,
ip3f.00,CALCICHEW D3 FORTE 1.25g/400iu chewable tablets,138,,ip3f.00,0.5025446414947511,UNCHECKED,40751404,
j2or.00,FENACTOL 50mg e/c tablets,137,,j2or.00,0.2651602327823639,UNCHECKED,19003790,
blh1.00,LERCANIDIPINE HYDROCHLORIDE 10mg tablets,136,,blh1.00,0.6884702444076538,UNCHECKED,42960876,
bl3M.00,ISOSORBIDE MONONITRATE 40mg m/r capsules,133,,bl3M.00,0.6058443188667297,UNCHECKED,1383866,
ip3c.00,CALCIUM CARBONATE+COLECALCIFEROL 1.25g/5micrograms tablets,130,,ip3c.00,0.44102597236633295,UNCHECKED,40019687,
i332.00,FOLIC ACID 5mg tablets,129,,i332.00,0.7204692959785461,UNCHECKED,1387453,
a62w.00,RANITIDINE 150mg tablets,127,,a62w.00,0.7392901778221129,UNCHECKED,961050,
f2A1.00,LEVEMIR PENFILL 100iu/mL injection cartridges 3mL,125,,f2A1.00,0.4052549302577973,UNCHECKED,2054216,
dn32.00,CARBAMAZEPINE 200mg tablets,122,,dn32.00,0.8472185134887695,UNCHECKED,19074697,
dia2.00,CO-CODAMOL 8mg/500mg tablets,122,,dia2.00,0.46250265836715704,UNCHECKED,21103976,
gdew.00,DULOXETINE 60mg gastro-resistant capsules,120,,gdew.00,0.5916796922683716,UNCHECKED,19124647,
puhl.00,ACTIVE blood glucose testing strip,119,,puhl.00,0.4625308513641357,UNCHECKED,1560524,
ip3m.00,ADCAL-D3 LEMON 1.5g/10micrograms chewable tablets,118,,ip3m.00,0.5138213634490967,UNCHECKED,21152446,
bdfw.00,BISOPROLOL FUMARATE 1.25mg tablets,116,,bdfw.00,0.8603695034980774,UNCHECKED,40166187,
f921.00,LEVOTHYROXINE SODIUM 25micrograms tablets,115,,f921.00,0.5898488759994507,UNCHECKED,40169799,
bk73.00,CANDESARTAN CILEXETIL 8mg tablets,112,,bk73.00,0.7899709939956665,UNCHECKED,1351559,
bl8M.00,ADALAT LA 20mg m/r tablets,112,,bl8M.00,0.33386659622192383,UNCHECKED,19016969,
da51.00,SERTRALINE 50mg tablets,110,,da51.00,0.7111424207687378,UNCHECKED,739209,
k695.00,*HAY-CROM AQUEOUS 2% eye drops,108,,k695.00,0.35799044370651245,UNCHECKED,19002101,
j282.00,IBUPROFEN 400mg tablets,105,,j282.00,0.8200904726982117,UNCHECKED,19019072,
ka2y.00,HYPROMELLOSE 0.5% eye drops,104,,ka2y.00,0.5519134402275085,UNCHECKED,40889434,
m118.00,ULTRABASE cream 50g,104,,m118.00,0.5618738532066345,UNCHECKED,40169493,
ph88.00,NOVOFINE 8mmx0.3mm(30G) sterile single-use needle,102,,ph88.00,0.14832504093647006,UNCHECKED,43012157,
fh1B.00,KLIOFEM tablets,101,,fh1B.00,0.4545217454433441,UNCHECKED,21158753,
dnpy.00,PREGABALIN 50mg capsules,99,,dnpy.00,0.8444523811340332,UNCHECKED,734396,
dh4y.00,CYCLIZINE 50mg tablets,98,,dh4y.00,0.7906173467636108,UNCHECKED,909388,
jA2z.00,CELECOXIB 100mg capsules,98,,jA2z.00,0.8804331421852112,UNCHECKED,19029024,
dl71.00,SUMATRIPTAN 20mg nasal spray,96,,dl71.00,0.9375531077384948,UNCHECKED,44071017,
l8Dz.00,MOMETASONE FUROATE MONOHYDRATE 0.05% aqueous nasal spray,96,,l8Dz.00,0.5934839844703674,UNCHECKED,19112698,
bi63.00,RAMIPRIL 5mg capsules,94,,bi63.00,0.7825183868408203,UNCHECKED,1334460,
bk3z.00,LOSARTAN POTASSIUM+HYDROCHLOROTHIAZIDE 100mg/25mg tablets,91,,bk3z.00,0.5847256183624268,UNCHECKED,40184217,
d213.00,DIAZEPAM 2mg tablets,91,,d213.00,0.7088397145271301,UNCHECKED,19018909,
gdA5.00,TOLTERODINE L-TARTRATE 4mg m/r capsules,91,,gdA5.00,0.4512776434421539,UNCHECKED,40163792,
gddz.00,SOLIFENACIN SUCCINATE 5mg tablets,88,,gddz.00,0.8240159153938293,UNCHECKED,916006,
c8rz.00,DESLORATADINE 5mg tablets,87,,c8rz.00,0.7844632863998413,UNCHECKED,19096758,
djzj.00,ZOMORPH 10mg m/r capsules,86,,djzj.00,0.39765432476997375,UNCHECKED,19017557,
bk32.00,LOSARTAN POTASSIUM 50mg tablets,86,,bk32.00,0.8383719921112059,UNCHECKED,40185304,
dji2.00,TRAMADOL HCL 50mg capsules,86,,dji2.00,0.6463589668273926,UNCHECKED,40089957,
dnj3.00,GABAPENTIN 400mg capsules,86,,dnj3.00,0.8659569025039673,UNCHECKED,19077549,
e312.00,AMOXICILLIN 500mg capsules,86,,e312.00,0.8558725118637085,UNCHECKED,19073187,
gdex.00,DULOXETINE 30mg gastro-resistant capsules,85,,gdex.00,0.5839893817901611,UNCHECKED,41180028,
ph8D.00,UNIFINE PENTIPS 8mm(30G) needle,84,,ph8D.00,0.2326323837041855,UNCHECKED,36879201,
bi34.00,LISINOPRIL 20mg tablets,83,,bi34.00,0.7561556100845337,UNCHECKED,19080129,
bk5y.00,IRBESARTAN+HYDROCHLOROTHIAZIDE 300mg/12.5mg tablets,83,,bk5y.00,0.6067878603935242,UNCHECKED,19078101,
djkp.00,OXYCONTIN 5mg m/r tablets,82,,djkp.00,0.294999897480011,UNCHECKED,40232705,
ecc2.00,TRIMETHOPRIM 200mg tablets,82,,ecc2.00,0.81887286901474,UNCHECKED,1705677,
f922.00,LEVOTHYROXINE SODIUM 50micrograms tablets,81,,f922.00,0.6128185391426086,UNCHECKED,40169799,
dnbc.00,EPILIM CHRONO 200 m/r tablets,81,,dnbc.00,0.38019242882728577,UNCHECKED,21024133,
he82.00,*PROSTAP SR 3.75mg injection,80,,he82.00,0.4361143112182617,UNCHECKED,40174069,
aw11.00,ORLISTAT 120mg capsules,80,,aw11.00,0.8558148741722107,UNCHECKED,741572,
bxiz.00,ATORVASTATIN 80mg tablets,79,,bxiz.00,0.7779754996299744,UNCHECKED,1545959,
bdfx.00,BISOPROLOL FUMARATE 2.5mg tablets,79,,bdfx.00,0.8458475470542908,UNCHECKED,40166188,
fe6h.00,PREDNISOLONE 2.5mg e/c tablets,79,,fe6h.00,0.5733392238616943,UNCHECKED,19007009,
f143.00,NOVORAPID PENFILL 100units/mL cartridges 3mL,77,,f143.00,0.3767058253288269,UNCHECKED,46234045,
dnpw.00,PREGABALIN 150mg capsules,76,,dnpw.00,0.8554493188858032,UNCHECKED,19112670,
k85y.00,CARTEOLOL HYDROCHLORIDE 1% eye drops,76,,k85y.00,0.605417013168335,UNCHECKED,40179059,
bl8i.00,ADALAT LA 30mg m/r tablets,76,,bl8i.00,0.2851696014404297,UNCHECKED,40224656,
m412.00,HYDROCORTISONE 1% cream 30g,76,,m412.00,0.5078814029693604,UNCHECKED,40049748,
l881.00,FLUTICASONE PROPIONATE 50micrograms nasal spray,74,,l881.00,0.5801166892051697,UNCHECKED,21109244,
djzk.00,ZOMORPH 30mg m/r capsules,73,,djzk.00,0.4162547290325165,UNCHECKED,19017558,
jA1w.00,*ROFECOXIB 12.5mg tablets,73,,jA1w.00,0.6213274002075195,UNCHECKED,1189760,
aa3y.00,MESALAZINE 1g/sachet m/r granules,72,,aa3y.00,0.3817771375179291,UNCHECKED,968426,
bs18.00,WARFARIN SODIUM 3mg tablets,71,,bs18.00,0.7639143466949463,UNCHECKED,40163540,
bu25.00,*ASPIRIN 75mg tablets,71,,bu25.00,0.4649476408958435,UNCHECKED,19004043,
bk37.00,LOSARTAN POTASSIUM 100mg tablets,70,,bk37.00,0.8468591570854187,UNCHECKED,40185276,
b431.00,SPIRONOLACTONE 25mg tablets,69,,b431.00,0.7766892910003662,UNCHECKED,19079658,
ka31.00,LACRI-LUBE eye ointment 3.5g,65,,ka31.00,0.5427528023719788,UNCHECKED,43295103,
dia7.00,*CO-PROXAMOL tablets,65,,dia7.00,0.3989470899105072,UNCHECKED,21102572,
heE1.00,LETROZOLE 2.5mg tablets,64,,heE1.00,0.7715499997138977,UNCHECKED,19022830,
djke.00,OXYCODONE HYDROCHLORIDE 120mg m/r tablets,64,,djke.00,0.5828918814659119,UNCHECKED,40232707,
dj1Z.00,ORAMORPH 10mg/5mL oral solution 300mL,64,,dj1Z.00,0.4127785265445709,UNCHECKED,44169572,
ip3b.00,CALCICHEW D3 1.25g/200iu chewable tablets,61,,ip3b.00,0.41807496547698975,UNCHECKED,40751404,
diap.00,CO-CODAMOL 8mg/500mg effervescent tablets,61,,diap.00,0.6120477318763733,UNCHECKED,21123375,
ja1S.00,TRAXAM 3% topical gel 100g,61,,ja1S.00,0.4425634443759918,UNCHECKED,19010090,
k3g2.00,*FUCITHALMIC 1% eye drops 5g,61,,k3g2.00,0.3463106155395508,UNCHECKED,40239032,
bl8j.00,ADALAT LA 60mg m/r tablets,60,,bl8j.00,0.3604080975055695,UNCHECKED,19025505,
bk74.00,CANDESARTAN CILEXETIL 16mg tablets,60,,bk74.00,0.7939954400062561,UNCHECKED,1351583,
bxdx.00,SIMVASTATIN 40mg/EZETIMIBE 10mg tablets,59,,bxdx.00,0.6861461997032166,UNCHECKED,19112569,
j612.00,ALLOPURINOL 300mg tablets,59,,j612.00,0.8342877626419067,UNCHECKED,19018787,
bxd1.00,SIMVASTATIN 10mg tablets,59,,bxd1.00,0.7990465760231018,UNCHECKED,1539463,
c144.00,BRICANYL 250micrograms inhaler,58,,c144.00,0.3937617540359497,UNCHECKED,40163443,
djz7.00,MORPHINE SULFATE 60mg m/r tablets,58,,djz7.00,0.5629856586456299,UNCHECKED,40170059,
f294.00,LANTUS 100iu/mL injection cartridges 3mL,57,,f294.00,0.4495519697666168,UNCHECKED,2054216,
bxkw.00,ROSUVASTATIN 5mg tablets,57,,bxkw.00,0.6811964511871338,UNCHECKED,42969816,
bl5F.00,DILZEM SR 60mg m/r capsules,56,,bl5F.00,0.422474205493927,UNCHECKED,21066271,
m48b.00,BETNOVATE RD 0.025% ointment 100g,56,,m48b.00,0.7125238180160522,UNCHECKED,19002301,
bd3j.00,ATENOLOL 25mg tablets,56,,bd3j.00,0.6803557872772217,UNCHECKED,19018811,
l887.00,FLUTICASONE FUROATE 27.5micrograms nasal spray,56,,l887.00,0.5464127063751221,UNCHECKED,36250122,
dnjy.00,GABAPENTIN 600mg tablets,55,,dnjy.00,0.8278759717941284,UNCHECKED,19077550,
bk31.00,LOSARTAN POTASSIUM 25mg tablets,55,,bk31.00,0.8210338354110718,UNCHECKED,40185280,
c66d.00,CLENIL MODULITE 100micrograms CFC-free inhaler,53,,c66d.00,0.34202447533607483,UNCHECKED,21148998,
in44.00,THIAMINE HYDROCHLORIDE 50mg tablets,53,,in44.00,0.786622166633606,UNCHECKED,964232,
ft5y.00,PIOGLITAZONE 30mg tablets,52,,ft5y.00,0.8128947019577026,UNCHECKED,19079293,
ka2v.00,HYPROMELLOSE 0.3% eye drops,52,,ka2v.00,0.5158712267875671,UNCHECKED,41263650,
djzD.00,MORPHINE SULFATE 10mg m/r capsules,50,,djzD.00,0.5453048944473267,UNCHECKED,40169927,
dn31.00,CARBAMAZEPINE 100mg tablets,50,,dn31.00,0.8412061333656311,UNCHECKED,740279,
a6c2.00,LANSOPRAZOLE 30mg capsules,50,,a6c2.00,0.833512544631958,UNCHECKED,41272159,
e311.00,AMOXICILLIN 250mg capsules,50,,e311.00,0.8473795652389526,UNCHECKED,19073183,
djzl.00,ZOMORPH 60mg m/r capsules,49,,djzl.00,0.4186621606349945,UNCHECKED,19017559,
l812.00,BECONASE AQUEOUS 50microgram nasal spray,49,,l812.00,0.4305388927459717,UNCHECKED,19002101,
k8j1.00,BRIMONIDINE TARTRATE 0.2% eye drops,49,,k8j1.00,0.5446305871009827,UNCHECKED,963899,
j2c1.00,NAPROXEN 250mg tablets,48,,j2c1.00,0.7994523644447327,UNCHECKED,19019272,
ph77.00,*MICRO-FINE LANCETS 100,48,,ph77.00,0.2958201766014099,UNCHECKED,40239044,
l882.00,FLIXONASE 50micrograms nasal spray,48,,l882.00,0.5449807047843933,UNCHECKED,40755178,
gh52.00,SILDENAFIL 50mg tablets,48,,gh52.00,0.8154180645942688,UNCHECKED,19079498,
in72.00,VITAMIN-B-CO STRONG tablets,48,,in72.00,0.32057425379753113,UNCHECKED,42971983,
bxl1.00,EZETIMIBE 10mg tablets,46,,bxl1.00,0.8362273573875427,UNCHECKED,1526476,
k69y.00,SODIUM CROMOGLICATE 2% eye drops,46,,k69y.00,0.5026351809501648,UNCHECKED,40224644,
c13v.00,SALBUTAMOL 100microgram inhaler,45,,c13v.00,0.4807396531105042,UNCHECKED,41049631,
bi33.00,LISINOPRIL 10mg tablets,45,,bi33.00,0.7522658705711365,UNCHECKED,19080128,
f152.00,APIDRA 100iu/mL injection cartridges 3mL,45,,f152.00,0.4431496858596802,UNCHECKED,2054216,
ig1h.00,CALCICHEW FORTE 2.5g chewable tablets,44,,ig1h.00,0.6840759515762329,UNCHECKED,40733046,
dn35.00,TEGRETOL 200mg tablets,44,,dn35.00,0.8030062317848206,UNCHECKED,19074680,
ka83.00,VISCOTEARS 2mg/g single-use eye gel 0.6mL,44,,ka83.00,0.26792311668396,UNCHECKED,43274869,
c13J.00,SALBUTAMOL 100micrograms CFC-free inhaler,44,,c13J.00,0.32251015305519104,UNCHECKED,41049631,
bi31.00,LISINOPRIL 2.5mg tablets,43,,bi31.00,0.7716504335403442,UNCHECKED,1308250,
j22y.00,DICLOFENAC SODIUM 75mg m/r tablets,43,,j22y.00,0.6010119318962097,UNCHECKED,42707598,
bu51.00,CLOPIDOGREL 75mg tablets,43,,bu51.00,0.7954444885253906,UNCHECKED,19075601,
iz1Z.00,GLUCOSAMINE SULFATE/CHONDROITIN SULFATE PDP COMBI 500mg/400mg tablets,43,,iz1Z.00,0.5742377042770386,UNCHECKED,21060927,
k693.00,OPTICROM AQUEOUS 2% eye drops 13.5mL,43,,k693.00,0.4996411800384522,UNCHECKED,19002101,
b51y.00,CO-AMILOFRUSE 5/40mg tablets,43,,b51y.00,0.4843839406967163,UNCHECKED,21162826,
j283.00,IBUPROFEN 600mg tablets,42,,j283.00,0.8288334608078003,UNCHECKED,19019073,
ff2c.00,ESTRAPAK 50micrograms/1mg patches and tablets,42,,ff2c.00,0.2267872542142868,UNCHECKED,19038300,
a6hz.00,ESOMEPRAZOLE 20mg tablets,41,,a6hz.00,0.7904731035232544,UNCHECKED,19101746,
bdfy.00,BISOPROLOL FUMARATE 3.75mg tablets,41,,bdfy.00,0.8629540205001831,UNCHECKED,40166190,
he85.00,PROSTAP SR DCS 3.75mg powder+solvent for susp injection pfs,41,,he85.00,0.28426772356033325,UNCHECKED,40742708,
puhh.00,GLUCOMEN SENSOR blood glucose testing strip,40,,puhh.00,0.3515782356262207,UNCHECKED,1360936,
bk53.00,IRBESARTAN 300mg tablets,40,,bk53.00,0.8406268358230591,UNCHECKED,19022949,
da41.00,FLUOXETINE 20mg capsules,40,,da41.00,0.8469942808151245,UNCHECKED,19077463,
eha1.00,TERBINAFINE 250mg tablets,40,,eha1.00,0.81168133020401,UNCHECKED,1741402,
dr22.00,DISIPAL 50mg tablets,39,,dr22.00,0.7708542346954346,UNCHECKED,40223009,
i11t.00,FERROUS FUMARATE 210mg tablets,38,,i11t.00,0.8712547421455383,UNCHECKED,19101774,
bk51.00,IRBESARTAN 75mg tablets,38,,bk51.00,0.7984505891799927,UNCHECKED,19022947,
ft8z.00,SITAGLIPTIN 100mg tablets,38,,ft8z.00,0.8269506692886353,UNCHECKED,19125041,
djb3.00,MEPTAZINOL 200mg tablets,37,,djb3.00,0.8252666592597961,UNCHECKED,19009038,
c13T.00,VENTOLIN 100micrograms Evohaler,37,,c13T.00,0.4523752331733704,UNCHECKED,2070099,
bl3y.00,ISOSORBIDE MONONITRATE 60mg m/r tablets,37,,bl3y.00,0.6147799491882324,UNCHECKED,19100673,
c13U.00,SALBUTAMOL 100micrograms CFC-free breath-actuated aerosol inhaler,36,,c13U.00,0.3050189018249512,UNCHECKED,963844,
c614.00,BECOTIDE 200micrograms rotacaps,36,,c614.00,0.2546398937702179,UNCHECKED,19046025,
dnp5.00,LYRICA 150mg capsules,36,,dnp5.00,0.8423728942871094,UNCHECKED,19123161,
bxkx.00,ROSUVASTATIN 10mg tablets,35,,bxkx.00,0.7085758447647095,UNCHECKED,42969494,
e911.00,ERYTHROMYCIN 250mg e/c tablets,35,,e911.00,0.624441921710968,UNCHECKED,19122215,
bu2B.00,ASPIRIN 75mg e/c tablets,35,,bu2B.00,0.4956991970539093,UNCHECKED,19004043,
gh51.00,SILDENAFIL 25mg tablets,35,,gh51.00,0.7980042099952698,UNCHECKED,1316268,
fh1a.00,PREMPAK-C 0.625 tablets x3 months,35,,fh1a.00,0.3621762990951538,UNCHECKED,19012531,
gdA6.00,DETRUSITOL XL 4mg m/r capsules,35,,gdA6.00,0.4070427417755127,UNCHECKED,40742158,
e782.00,OXYTETRACYCLINE 250mg tablets,34,,e782.00,0.8586471676826477,UNCHECKED,19079186,
dy12.00,DONEPEZIL HYDROCHLORIDE 10mg tablets,34,,dy12.00,0.8820995688438416,UNCHECKED,40223768,
ja1U.00,IBUPROFEN 5% gel,34,,ja1U.00,0.6104581952095032,UNCHECKED,40054147,
c1Dx.00,SALMETEROL+FLUTICASONE PROPIONATE 50micrograms/100micrograms breath-actuated dry powder inhaler,33,,c1Dx.00,0.4900672137737274,UNCHECKED,42902745,
c61t.00,BECLOMETASONE DIPROPIONATE 250micrograms inhaler,33,,c61t.00,0.5887390375137329,UNCHECKED,40164074,
k3g1.00,FUSIDIC ACID 1% eye drops,33,,k3g1.00,0.4705656468868256,UNCHECKED,40239032,
d1d1.00,ZOPICLONE 7.5mg tablets,33,,d1d1.00,0.7879905104637146,UNCHECKED,19044885,
e758.00,DOXYCYCLINE 100mg capsules,33,,e758.00,0.8222394585609436,UNCHECKED,40898790,
bk72.00,CANDESARTAN CILEXETIL 4mg tablets,33,,bk72.00,0.8076294064521791,UNCHECKED,1351558,
bl3b.00,IMDUR DURULES 60mg m/r tablets,33,,bl3b.00,0.4959426522254944,UNCHECKED,42937894,
p1z2.00,TEGADERM 1632DT 12cmx12cm dressing,32,,p1z2.00,0.18835876882076266,UNCHECKED,19090761,
a4ex.00,MEBEVERINE HYDROCHLORIDE 135mg tablets,32,,a4ex.00,0.6942420601844788,UNCHECKED,19022053,
m24K.00,BALNEUM PLUS cream 500g pump dispenser,32,,m24K.00,0.4070269167423248,UNCHECKED,41143687,
k831.00,BETOPTIC 0.5% eye drops 5mL,31,,k831.00,0.4589340686798096,UNCHECKED,40239032,
ph7n.00,MULTICLIX 0.3mm(30 gauge) lancet,31,,ph7n.00,0.2279030084609985,UNCHECKED,19097975,
j541.00,PLAQUENIL 200mg tablets,30,,j541.00,0.8553899526596069,UNCHECKED,40184085,
ef12.00,METRONIDAZOLE 400mg tablets,30,,ef12.00,0.8360274434089661,UNCHECKED,1707171,
gh74.00,TADALAFIL 5mg tablets,30,,gh74.00,0.7760994434356691,UNCHECKED,19102546,
dl5A.00,SUMATRIPTAN 50mg tablets,30,,dl5A.00,0.8046783804893494,UNCHECKED,1140650,
fe62.00,PREDNISOLONE 5mg tablets,30,,fe62.00,0.7430652976036072,UNCHECKED,1550560,
k321.00,CHLORAMPHENICOL 0.5% eye drops,29,,k321.00,0.5330904126167297,UNCHECKED,44053357,
djk1.00,OXYNORM 5mg capsules,29,,djk1.00,0.8328166604042053,UNCHECKED,19113600,
i312.00,HYDROXOCOBALAMIN 1mg/1mL injection,29,,i312.00,0.7173611521720886,UNCHECKED,36882874,
e222.00,FLUCLOXACILLIN 500mg capsules,29,,e222.00,0.776630699634552,UNCHECKED,1800837,
f41z.00,METFORMIN HYDROCHLORIDE 850mg tablets,29,,f41z.00,0.8943492770195007,UNCHECKED,40164946,
j22p.00,DICLOFENAC SODIUM+MISOPROSTOL 50mg/200micrograms tablets,29,,j22p.00,0.4164065420627594,UNCHECKED,43277306,
da93.00,CITALOPRAM 10mg tablets,29,,da93.00,0.7548021078109741,UNCHECKED,797632,
aa3N.00,PENTASA 1g/sachet m/r granules,29,,aa3N.00,0.3845338225364685,UNCHECKED,43730562,
ph75.00,*UNILET LANCETS 100,29,,ph75.00,0.23270729184150696,UNCHECKED,19024092,
fo6x.00,RISEDRONATE SODIUM 35mg tablets,29,,fo6x.00,0.7828676700592041,UNCHECKED,40174494,
puhQ.00,FREESTYLE LITE blood glucose testing strip,29,,puhQ.00,0.3618563115596771,UNCHECKED,42903583,
d161.00,LOPRAZOLAM 1mg tablets,28,,d161.00,0.6498755812644958,UNCHECKED,19042550,
fe61.00,PREDNISOLONE 1mg tablets,28,,fe61.00,0.7161906361579895,UNCHECKED,40073458,
ka8z.00,CARBOMER-980 0.2% liquid eye gel,28,,ka8z.00,0.4023061692714691,UNCHECKED,43156623,
dnbr.00,SODIUM VALPROATE 200mg m/r tablets,26,,dnbr.00,0.5326063632965088,UNCHECKED,40237989,
ig1j.00,CALCIUM CARBONATE 2.5g chewable tablets,26,,ig1j.00,0.7680509686470032,UNCHECKED,19020171,
gc74.00,FLOMAXTRA XL 400micrograms m/r tablets,26,,gc74.00,0.2891075313091278,UNCHECKED,42707989,
h82C.00,NEORAL 100mg capsules,26,,h82C.00,0.814732015132904,UNCHECKED,19010583,
c1Dy.00,SALMETEROL+FLUTICASONE PROPIONATE 50micrograms/250micrograms breath-actuated dry powder inhaler,26,,c1Dy.00,0.4736833572387695,UNCHECKED,42902745,
f41u.00,METFORMIN HYDROCHLORIDE 1000mg m/r tablets,26,,f41u.00,0.6345349550247192,UNCHECKED,40164897,
l81z.00,BECLOMETASONE 50micrograms aqueous nasal spray,26,,l81z.00,0.5233098268508911,UNCHECKED,40010699,
bxiB.00,ATORVASTATIN 20mg chewable tablets,25,,bxiB.00,0.8793849945068359,UNCHECKED,42479168,
dibu.00,SOLPADOL effervescent tablets,25,,dibu.00,0.725912868976593,UNCHECKED,43173829,
fi4F.00,TESTIM gel 50mg/5g tube,25,,fi4F.00,0.32722508907318115,UNCHECKED,19098291,
bd34.00,TENORMIN LS 50mg tablets,25,,bd34.00,0.5473265647888184,UNCHECKED,21123412,
c331.00,TIOTROPIUM 18micrograms inhalation capsules,24,,c331.00,0.4306153059005737,UNCHECKED,37499259,
dj81.00,DIHYDROCODEINE 30mg tablets,24,,dj81.00,0.788241982460022,UNCHECKED,40056821,
ftc2.00,LIRAGLUTIDE 6mg/mL solution for injection prefilled pen,24,,ftc2.00,0.6182013750076294,UNCHECKED,43264104,
d1d3.00,ZOPICLONE 3.75mg tablets,24,,d1d3.00,0.8049866557121277,UNCHECKED,19044884,
bd1y.00,PROPRANOLOL 80mg m/r capsules,23,,bd1y.00,0.4785283505916596,UNCHECKED,1353916,
ae11.00,LACTULOSE 3.35g/5mL solution,23,,ae11.00,0.7012539505958557,UNCHECKED,41147936,
dher.00,PROCHLORPERAZINE 5mg tablets,23,,dher.00,0.7874441742897034,UNCHECKED,752205,
f73..00,GLUCOSE [ENDOCRINE],23,,f73..00,0.5661302804946899,UNCHECKED,1560524,
du51.00,ACAMPROSATE CALCIUM 333mg e/c tablets,23,,du51.00,0.6265696287155151,UNCHECKED,19043960,
da61.00,PAROXETINE 20mg tablets,23,,da61.00,0.6530553698539734,UNCHECKED,41216620,
i119.00,FERROUS FUMARATE 322mg tablets,23,,i119.00,0.8007974028587341,UNCHECKED,19010606,
ff2j.00,EVOREL-50 patches,23,,ff2j.00,0.42579519748687744,UNCHECKED,1525764,
e221.00,FLUCLOXACILLIN 250mg capsules,23,,e221.00,0.7719937562942505,UNCHECKED,1800836,
k8k2.00,COSOPT 2%/0.5% eye drops 5mL,23,,k8k2.00,0.32544657588005066,UNCHECKED,40239032,
k32w.00,CHLORAMPHENICOL 1% eye ointment,23,,k32w.00,0.5637437701225281,UNCHECKED,40023505,
blc1.00,FELODIPINE 5mg m/r tablets,22,,blc1.00,0.482158750295639,UNCHECKED,41179747,
f283.00,MIXTARD 30 (HUMAN) PENFILL cartridges 3mL,22,,f283.00,0.3975742161273956,UNCHECKED,43515071,
gddy.00,SOLIFENACIN SUCCINATE 10mg tablets,22,,gddy.00,0.8441139459609985,UNCHECKED,916008,
n47g.00,INACTIVATED INFLUENZA VACCINE (SPLIT VIRION) prefilled syringe 0.5mL,21,,n47g.00,0.5222364664077759,UNCHECKED,43532840,
c1D2.00,SERETIDE 250 Accuhaler,21,,c1D2.00,0.5251910686492921,UNCHECKED,43290123,
b311.00,FUROSEMIDE 20mg tablets,21,,b311.00,0.7669228315353394,UNCHECKED,19077546,
bs17.00,WARFARIN SODIUM 1mg tablets,21,,bs17.00,0.7961440682411194,UNCHECKED,40163510,
gg...00,VAGINAL LUBRICANTS,21,,gg...00,0.4056019186973572,UNCHECKED,19037780,
c13L.00,SALBUTAMOL 200micrograms breath-actuated dry powder inhaler,21,,c13L.00,0.515350878238678,UNCHECKED,40996425,
ft5z.00,PIOGLITAZONE 15mg tablets,21,,ft5z.00,0.7883798480033875,UNCHECKED,1525221,
e153.00,PHENOXYMETHYLPENICILLIN 250mg tablets,21,,e153.00,0.8408597707748413,UNCHECKED,1729720,
b212.00,BENDROFLUMETHIAZIDE 5mg tablets,20,,b212.00,0.8259272575378418,UNCHECKED,1316356,
ja2T.00,ZACIN 0.025% cream 45g,20,,ja2T.00,0.3560299873352051,UNCHECKED,40233994,
f25x.00,INSULATARD (HUMAN) PENFILL cartridges 3mL,20,,f25x.00,0.4098926782608032,UNCHECKED,589305,
ftez.00,SITAGLIPTIN/METFORMIN HYDROCHLORIDE 50mg/1000mg tablets,19,,ftez.00,0.7146577239036559,UNCHECKED,40164891,
eg1y.00,NITROFURANTOIN 50mg capsules,19,,eg1y.00,0.844829261302948,UNCHECKED,40990844,
fh1G.00,FEMOSTON-1/10 tablets,19,,fh1G.00,0.3000635504722595,UNCHECKED,43256697,
m4g4.00,SYNALAR 0.025% gel 30g,19,,m4g4.00,0.4459924101829529,UNCHECKED,40243889,
p113.00,ABSORBENT COTTON BP 500g,18,,p113.00,0.37138476967811584,UNCHECKED,45776557,
eg6w.00,CIPROFLOXACIN 500mg tablets,18,,eg6w.00,0.8374395966529846,UNCHECKED,19075380,
bi57.00,PERINDOPRIL ERBUMINE 8mg tablets,18,,bi57.00,0.7762945890426636,UNCHECKED,40163275,
aa6v.00,SULFASALAZINE 500mg tablets,18,,aa6v.00,0.846603512763977,UNCHECKED,964362,
fh1k.00,PREMIQUE 0.625mg/5mg tablets,18,,fh1k.00,0.5168954730033875,UNCHECKED,19012531,
ja1u.00,FELBINAC 3% topical gel,17,,ja1u.00,0.7047907114028931,UNCHECKED,19100763,
k8i2.00,XALATAN 0.005% eye drops 2.5mL,17,,k8i2.00,0.4890339076519013,UNCHECKED,40239032,
gdAC.00,TOLTERODINE TARTRATE 2mg m/r capsules,17,,gdAC.00,0.5286735892295837,UNCHECKED,40163786,
ff9M.00,VAGIFEM 10micrograms vaginal tablets,16,,ff9M.00,0.4525869786739349,UNCHECKED,40169037,
m454.00,DAKTACORT cream 30g,16,,m454.00,0.618922233581543,UNCHECKED,36277235,
blzA.00,GLYCERYL TRINITRATE 400micrograms spray,16,,blzA.00,0.5966475605964661,UNCHECKED,1361711,
d61z.00,LITHIUM CARBONATE 400mg m/r tablets,16,,d61z.00,0.5939429402351379,UNCHECKED,751283,
j291.00,INDOMETACIN 25mg capsules,16,,j291.00,0.6498681306838989,UNCHECKED,1178665,
dnpv.00,PREGABALIN 100mg capsules,16,,dnpv.00,0.8561235070228577,UNCHECKED,734356,
fg52.00,PRIMOLUT N 5mg tablets,16,,fg52.00,0.4278648197650909,UNCHECKED,21158747,
ce36.00,MUCODYNE 375mg capsules,16,,ce36.00,0.6429896354675293,UNCHECKED,21123936,
l321.00,LOCORTEN-VIOFORM ear drops 7.5mL,16,,l321.00,0.5009275674819946,UNCHECKED,43816763,
ae4c.00,LAXIDO ORANGE oral powder sachets,15,,ae4c.00,0.4361545741558075,UNCHECKED,43743551,
l83x.00,BUDESONIDE 64micrograms aqueous nasal spray,15,,l83x.00,0.5072224736213684,UNCHECKED,40020313,
e692.00,CEFALEXIN 500mg capsules,15,,e692.00,0.7085410356521606,UNCHECKED,1786621,
n45n.00,REVAXIS suspension for injection 0.5mL prefilled syringe,15,,n45n.00,0.4693128168582916,UNCHECKED,43013488,
b113.00,DIGOXIN 250microgram tablets,14,,b113.00,0.5578508973121643,UNCHECKED,40033902,
bk52.00,IRBESARTAN 150mg tablets,14,,bk52.00,0.8275155425071716,UNCHECKED,19022948,
gdh4.00,MIRABEGRON 50mg m/r tablets,14,,gdh4.00,0.585280179977417,UNCHECKED,43149179,
ftaZ.00,VILDAGLIPTIN 50mg tablets,14,,ftaZ.00,0.8651506900787354,UNCHECKED,19129179,
fh1Q.00,ELLESTE DUET CONTI tablets,14,,fh1Q.00,0.22804586589336395,UNCHECKED,19128149,
eg6x.00,CIPROFLOXACIN 250mg tablets,14,,eg6x.00,0.8302180767059326,UNCHECKED,1797515,
ga8B.00,CERAZETTE 75micrograms tablets,14,,ga8B.00,0.2563154697418213,UNCHECKED,41300512,
e31t.00,CO-AMOXICLAV 375mg tablets,14,,e31t.00,0.4486341178417206,UNCHECKED,21130363,
bs1A.00,WARFARIN SODIUM 0.5mg tablets,13,,bs1A.00,0.836686372756958,UNCHECKED,40163508,
bxi5.00,LIPITOR 20mg tablets,13,,bxi5.00,0.7559966444969177,UNCHECKED,1545999,
b312.00,FUROSEMIDE 40mg tablets,13,,b312.00,0.767414391040802,UNCHECKED,957136,
c841.00,CHLORPHENAMINE MALEATE 4mg tablets,13,,c841.00,0.626908540725708,UNCHECKED,43012036,
ja2S.00,CAPSAICIN 0.025% cream,13,,ja2S.00,0.6496005654335022,UNCHECKED,1718244,
ftn2.00,CANAGLIFLOZIN 100mg tablets,13,,ftn2.00,0.8746678233146667,UNCHECKED,43526467,
puhH.00,GLUCOMETER ESPRIT blood glucose test sensor disc,13,,puhH.00,0.337612509727478,UNCHECKED,1360936,
k8r1.00,BIMATOPROST 0.03% / TIMOLOL 0.5% eye drops,13,,k8r1.00,0.443873941898346,UNCHECKED,40230431,
bd12.00,PROPRANOLOL 40mg tablets,13,,bd12.00,0.6773039102554321,UNCHECKED,21085884,
m4g7.00,*SYNALAR 0.025% ointment 50g,12,,m4g7.00,0.456499844789505,UNCHECKED,40243837,
kb8P.00,HYLO-TEAR 0.1% eye drops 10mL,12,,kb8P.00,0.4318636655807495,UNCHECKED,19029879,
dr2y.00,ORPHENADRINE 50mg tablets,12,,dr2y.00,0.7791761159896851,UNCHECKED,19086050,
c8n9.00,*ZIRTEK ALLERGY 10mg tablets,12,,c8n9.00,0.3247509300708771,UNCHECKED,40167185,
gdA2.00,TOLTERODINE L-TARTRATE 2mg tablets,12,,gdA2.00,0.6228206157684326,UNCHECKED,40163789,
d75z.00,DOSULEPIN HYDROCHLORIDE 75mg tablets,12,,d75z.00,0.6014147400856018,UNCHECKED,40224914,
dj1l.00,ORAMORPH 10mg/5mL liquid 100mL,12,,dj1l.00,0.4711650609970093,UNCHECKED,35604844,
l41b.00,OTOMIZE ear spray 5mL,12,,l41b.00,0.3472829759120941,UNCHECKED,40239310,
bi1d.00,*CAPOZIDE LS 25mg tabletsx28CP,12,,bi1d.00,0.2479825913906097,UNCHECKED,19045770,
ja18.00,ALGESAL 10% cream,12,,ja18.00,0.4020095467567444,UNCHECKED,43601863,
a4ez.00,MEBEVERINE HYDROCHLORIDE 135mg granules,12,,a4ez.00,0.6417327523231506,UNCHECKED,19008997,
pur4.00,ONETOUCH VERIO blood glucose testing strip,12,,pur4.00,0.250701516866684,UNCHECKED,40039069,
ab2N.00,FYBOGEL orange s/f granules 150g,12,,ab2N.00,0.4349364936351776,UNCHECKED,40754504,
n4h2.00,TYPHIM VI VACCINE 25microgram/0.5mL prefilled syringe,12,,n4h2.00,0.4970462620258331,UNCHECKED,44785110,
d75y.00,DOSULEPIN HYDROCHLORIDE 25mg capsules,11,,d75y.00,0.6716750264167786,UNCHECKED,40224897,
fa1y.00,CARBIMAZOLE 20mg tablets,11,,fa1y.00,0.8044620156288147,UNCHECKED,19006936,
p43F.00,AEROCHAMBER spacer device,11,,p43F.00,0.4666465520858765,UNCHECKED,42898385,
dnb7.00,SODIUM VALPROATE 200mg e/c tablets,11,,dnb7.00,0.5754489898681641,UNCHECKED,40237989,
k32u.00,CHLORAMPHENICOL 0.5% single-use eye drops,11,,k32u.00,0.4366318881511688,UNCHECKED,44053357,
c6A1.00,FOSTAIR 100micrograms/6micrograms inhaler,11,,c6A1.00,0.19405488669872284,UNCHECKED,21050841,
o426.00,FENTANYL 75micrograms/hr patches,11,,o426.00,0.4027596712112427,UNCHECKED,35870209,
k8n2.00,TRAVATAN 40micrograms/mL eye drops 2.5mL,11,,k8n2.00,0.3106312453746796,UNCHECKED,40231494,
j82y.00,BACLOFEN 10mg tablets,11,,j82y.00,0.7507253885269165,UNCHECKED,715235,
ph7L.00,*BAYLET 0.5mm(25gauge) lancet,11,,ph7L.00,0.1218363493680954,UNCHECKED,43013716,
djkg.00,OXYCODONE HYDROCHLORIDE 30mg m/r tablets,10,,djkg.00,0.6159136295318604,UNCHECKED,40232745,
o441.00,MEPTID 200mg tablets,10,,o441.00,0.7738398313522339,UNCHECKED,19009036,
pm16.00,*NOVOPEN 3 Classic device,10,,pm16.00,0.20531904697418213,UNCHECKED,42729430,
i151.00,FERROUS SULFATE 200mg tablets,10,,i151.00,0.8481125831604004,UNCHECKED,19027839,
gda1.00,OXYBUTYNIN HYDROCHLORIDE 2.5mg tablets,10,,gda1.00,0.791373610496521,UNCHECKED,40166442,
bxe6.00,PRAVASTATIN SODIUM 20mg tablets,10,,bxe6.00,0.8191731572151184,UNCHECKED,40175394,
djkf.00,OXYCODONE HYDROCHLORIDE 60mg m/r tablets,10,,djkf.00,0.6130246520042419,UNCHECKED,40232764,
sgb6.00,CLINIMED LBF 3820 skin barrier wipes,10,,sgb6.00,0.2614471614360809,UNCHECKED,1740551,
ip3v.00,CALCIUM CARBONATE+COLECALCIFEROL 750mg/200iu tablets,10,,ip3v.00,0.4471676349639893,UNCHECKED,21109951,
fo6y.00,RISEDRONATE SODIUM 5mg tablets,9,,fo6y.00,0.7883003354072571,UNCHECKED,40174498,
m272.00,DERMOL 500 lotion,9,,m272.00,0.5149840116500854,UNCHECKED,19047101,
e927.00,CLARITHROMYCIN 500mg tablets,9,,e927.00,0.8251426219940186,UNCHECKED,1750562,
e921.00,CLARITHROMYCIN 250mg tablets,9,,e921.00,0.8179223537445068,UNCHECKED,1750501,
me4w.00,CLOTRIMAZOLE 1% cream,9,,me4w.00,0.6051532030105591,UNCHECKED,40026931,
f724.00,GLUCAGEN KIT 1mg(1iu) injection,9,,f724.00,0.3251767456531525,UNCHECKED,19016865,
ff81.00,TIBOLONE 2.5mg tablets,9,,ff81.00,0.7415727376937866,UNCHECKED,19041934,
c13M.00,VENTOLIN 200micrograms Accuhaler,9,,c13M.00,0.411444216966629,UNCHECKED,43290123,
j2n5.00,*MOBIC 7.5mg tablets,9,,j2n5.00,0.5729174017906189,UNCHECKED,1150348,
mb1E.00,ALPHOSYL 2-IN-1 ACBS combined shampoo and conditioner 250mL,9,,mb1E.00,0.492438018321991,UNCHECKED,19043590,
o425.00,FENTANYL 50micrograms/hr patches,9,,o425.00,0.4252997636795044,UNCHECKED,35870209,
ae46.00,MOVICOL oral powder,9,,ae46.00,0.6182278394699097,UNCHECKED,44094353,
g427.00,CANESTEN-1 500mg vaginal tablets,9,,g427.00,0.4645307660102844,UNCHECKED,44112494,
meh1.00,AMOROLFINE 5% lacquer,9,,meh1.00,0.6121712327003479,UNCHECKED,42952300,
kb8N.00,BLINK INTENSIVE TEARS eye drops 10mL,9,,kb8N.00,0.5281769037246704,UNCHECKED,40236886,
bs19.00,WARFARIN SODIUM 5mg tablets,9,,bs19.00,0.8230830430984497,UNCHECKED,40163554,
d751.00,PROTHIADEN 25mg capsules,9,,d751.00,0.8259057402610779,UNCHECKED,19011579,
gda3.00,OXYBUTYNIN HYDROCHLORIDE 5mg tablets,9,,gda3.00,0.771605908870697,UNCHECKED,40166448,
b285.00,INDAPAMIDE 1.5mg m/r tablets,9,,b285.00,0.5334131717681885,UNCHECKED,36884792,
la1a.00,BACTROBAN NASAL 2% nose ointment 3g,9,,la1a.00,0.6087256669998169,UNCHECKED,19010403,
f272.00,*PENMIX 30/70 cartridges 1.5mL,8,,f272.00,0.31854093074798584,UNCHECKED,40221127,
a83y.00,LOPERAMIDE HYDROCHLORIDE 2mg capsules,8,,a83y.00,0.8160022497177124,UNCHECKED,40184727,
j22C.00,DICLOFENAC SODIUM 75mg m/r capsules,8,,j22C.00,0.586747407913208,UNCHECKED,40162353,
c673.00,SYMBICORT 400/12 Turbohaler,8,,c673.00,0.3875993192195892,UNCHECKED,43604278,
bs4x.00,DABIGATRAN ETEXILATE 150mg capsules,8,,bs4x.00,0.918703317642212,UNCHECKED,40228154,
c134.00,VENTOLIN 100micrograms inhaler,8,,c134.00,0.4208269715309143,UNCHECKED,1154655,
ei15.00,ACICLOVIR 200mg tablets,8,,ei15.00,0.6307417750358582,UNCHECKED,43712507,
g336.00,*GYNEST 0.01% vaginal crm 80g,8,,g336.00,0.3652505278587341,UNCHECKED,40169039,
he53.00,GOSERELIN 10.8mg implant,8,,he53.00,0.7201335430145264,UNCHECKED,19080002,
eh82.00,FLUCONAZOLE 150mg capsules,8,,eh82.00,0.8475215435028076,UNCHECKED,1754999,
a4dz.00,ALVERINE CITRATE 60mg capsules,8,,a4dz.00,0.7020270824432373,UNCHECKED,19003218,
ka81.00,VISCOTEARS liquid eye gel,8,,ka81.00,0.3675141334533691,UNCHECKED,43274869,
mef1.00,TIOCONAZOLE 28% solution 12mL,8,,mef1.00,0.4463819265365601,UNCHECKED,942028,
m21R.00,E45 cream 500g pump,8,,m21R.00,0.3496092259883881,UNCHECKED,40748660,
g42A.00,CANESTEN COMBI pessary+cream,7,,g42A.00,0.31154611706733704,UNCHECKED,44070274,
ftn1.00,INVOKANA 100mg tablets,7,,ftn1.00,0.8787592053413391,UNCHECKED,43526468,
ja2M.00,FENBID 5% gel 30g,7,,ja2M.00,0.4537542462348938,UNCHECKED,19016485,
j436.00,DEPO-MEDRONE+LIDOCAINE 40mg/10mg injection,7,,j436.00,0.5322534441947937,UNCHECKED,35606549,
a6hy.00,ESOMEPRAZOLE 40mg tablets,7,,a6hy.00,0.7889708876609802,UNCHECKED,19101745,
bxdB.00,SIMVADOR 20mg tablets,7,,bxdB.00,0.6119785904884338,UNCHECKED,21094387,
bh63.00,DOXAZOSIN 4mg tablets,7,,bh63.00,0.6859760284423828,UNCHECKED,1363059,
g834.00,MICROGYNON-30 tablets,7,,g834.00,0.4235326945781708,UNCHECKED,43275103,
m4by.00,CLOBETASONE 0.05% cream,7,,m4by.00,0.5530472993850708,UNCHECKED,44097551,
k8n1.00,TRAVOPROST 40micrograms/mL eye drops,7,,k8n1.00,0.4353921115398407,UNCHECKED,904501,
ja3L.00,DICLOFENAC DIETHYLAMMONIUM 1.16% topical gel,7,,ja3L.00,0.5624935030937195,UNCHECKED,42707579,
m414.00,HYDROCORTISONE 1% cream 100g,7,,m414.00,0.5300289988517761,UNCHECKED,19008572,
ff96.00,OESTROGEL 0.06% gel,7,,ff96.00,0.4434412717819214,UNCHECKED,19054228,
m458.00,FUCIDIN-H cream 30g,7,,m458.00,0.4484814703464508,UNCHECKED,19002489,
d1a9.00,TEMAZEPAM 10mg tablets,7,,d1a9.00,0.7888652682304382,UNCHECKED,836723,
djz4.00,MORPHINE SULFATE 10mg m/r tablets,7,,djz4.00,0.5453519225120544,UNCHECKED,40169894,
dh7x.00,DOMPERIDONE 10mg tablets,7,,dh7x.00,0.7492749094963074,UNCHECKED,19037834,
eh84.00,DIFLUCAN 150mg capsules,7,,eh84.00,0.8508193492889404,UNCHECKED,19006862,
fh1M.00,ELLESTE-DUET 1mg tablets,7,,fh1M.00,0.3784869313240051,UNCHECKED,2012784,
m4qA.00,ELOCON cream 100g,7,,m4qA.00,0.5579642653465271,UNCHECKED,905343,
m4q1.00,ELOCON cream 30g,7,,m4q1.00,0.5047281384468079,UNCHECKED,905343,
c8j1.00,*TRILUDAN 60mg tablets,7,,c8j1.00,0.3271550834178925,UNCHECKED,40730994,
gh7w.00,CIALIS 5mg tablets,6,,gh7w.00,0.6795578598976135,UNCHECKED,19102899,
m4a2.00,DERMOVATE 0.05% cream 100g,6,,m4a2.00,0.4844072461128235,UNCHECKED,19002304,
dr6y.00,PROCYCLIDINE 5mg tablets,6,,dr6y.00,0.7549829483032227,UNCHECKED,752280,
e61a.00,CEFACLOR 375mg m/r tablets,6,,e61a.00,0.5781793594360352,UNCHECKED,40868601,
j871.00,TIZANIDINE 2mg tablets,6,,j871.00,0.7204765677452087,UNCHECKED,40098837,
ff2d.00,*VAGIFEM 25micrograms pessary,6,,ff2d.00,0.28381651639938354,UNCHECKED,1548508,
ff9x.00,ESTRADIOL 10micrograms vaginal tablets,6,,ff9x.00,0.5766530632972717,UNCHECKED,783424,
eg1w.00,NITROFURANTOIN 100mg m/r capsules,6,,eg1w.00,0.5849556922912598,UNCHECKED,40102982,
j2n2.00,MELOXICAM 7.5mg tablets,6,,j2n2.00,0.8095383644104004,UNCHECKED,1150351,
gh83.00,VARDENAFIL 20mg tablets,6,,gh83.00,0.7892776131629944,UNCHECKED,19096774,
m4a1.00,DERMOVATE 0.05% cream 30g,6,,m4a1.00,0.4676738381385803,UNCHECKED,19002304,
ble1.00,LACIDIPINE 2mg tablets,6,,ble1.00,0.6503658890724182,UNCHECKED,40058099,
c1D3.00,SERETIDE 500 Accuhaler,6,,c1D3.00,0.5321599841117859,UNCHECKED,43290123,
ph72.00,*MONOLET LANCETS 200,6,,ph72.00,0.18409796059131625,UNCHECKED,1364007,
p8k7.00,LOFRIC ORIGO 14Ch/4431425 male catheter,6,,p8k7.00,0.16581034660339355,UNCHECKED,19106857,
c352.00,UMECLIDINIUM 55micrograms/dose dry powder inhaler,6,,c352.00,0.5893287062644958,UNCHECKED,45774869,
pp16.00,DISPOS-A-GLOVES large x100,6,,pp16.00,0.22394977509975436,UNCHECKED,964159,
a6e5.00,PANTOPRAZOLE 20mg e/c tablets,6,,a6e5.00,0.5308543443679811,UNCHECKED,41271459,
dj3A.00,BUTRANS 5micrograms/hour patches,6,,dj3A.00,0.30915871262550354,UNCHECKED,43560033,
scGb.00,WELLAND FREESTYLE VIE 35mm/PLD 535 pre-cut large ileobags,6,,scGb.00,0.22327382862567904,UNCHECKED,19084128,
dibB.00,PARACETAMOL+CODEINE PHOSPHATE 500mg/30mg effervescent tablets,6,,dibB.00,0.5997591614723206,UNCHECKED,44818283,
c64h.00,BUDESONIDE 400micrograms breath-actuated dry powder inhaler,6,,c64h.00,0.5998176336288452,UNCHECKED,40142920,
n4m3.00,HAVRIX MONODOSE VACCINE prefilled syringe,6,,n4m3.00,0.618148684501648,UNCHECKED,21050843,
c137.00,VENTOLIN 400micrograms rotacaps,6,,c137.00,0.3422092497348785,UNCHECKED,40723329,
n47m.00,ENZIRA prefilled syringe 0.5mL,5,,n47m.00,0.5445170998573303,UNCHECKED,1361227,
djz6.00,MORPHINE SULFATE 30mg m/r tablets,5,,djz6.00,0.5549025535583496,UNCHECKED,40169993,
e912.00,ERYTHROMYCIN 500mg tablets,5,,e912.00,0.8415635228157043,UNCHECKED,19018976,
dji5.00,TRAMADOL HCL 100mg m/r tablets,5,,dji5.00,0.5721496939659119,UNCHECKED,1361248,
me41.00,CANESTEN 1% cream 20g,5,,me41.00,0.4191195368766785,UNCHECKED,19012748,
dj3B.00,BUTRANS 10micrograms/hour patches,5,,dj3B.00,0.32206928730010986,UNCHECKED,43560033,
dic3.00,ZAPAIN caplets,5,,dic3.00,0.4293045997619629,UNCHECKED,926770,
m21z.00,EPADERM ointment 500g,5,,m21z.00,0.488283634185791,UNCHECKED,19002276,
da63.00,PAROXETINE 30mg tablets,5,,da63.00,0.6941672563552856,UNCHECKED,43296477,
g33z.00,ESTRIOL 0.1% vaginal cream 15g,5,,g33z.00,0.6462122797966003,UNCHECKED,19049081,
diam.00,KAPAKE tablets,5,,diam.00,0.4938587546348572,UNCHECKED,21123343,
eh93.00,SPORANOX-PULSE 100mg capsules,5,,eh93.00,0.7702233195304871,UNCHECKED,21064841,
m115.00,DIPROBASE cream 50g,5,,m115.00,0.3875633478164673,UNCHECKED,40169493,
diaq.00,CO-CODAMOL 8mg/500mg capsules,5,,diaq.00,0.5027357339859009,UNCHECKED,21113765,
ejB2.00,MALARONE tablets,5,,ejB2.00,0.3742223083972931,UNCHECKED,40163620,
fh1S.00,KLIOVANCE 1mg/0.5mg tablets,5,,fh1S.00,0.3772514760494232,UNCHECKED,44785082,
l713.00,SODIUM BICARBONATE ear drops,5,,l713.00,0.7469501495361328,UNCHECKED,939506,
m45v.00,DAKTACORT ointment 30g,5,,m45v.00,0.5718964338302612,UNCHECKED,21081555,
m45Y.00,HYDROCORTISONE+MICONAZOLE NITRATE 1%/2% cream,5,,m45Y.00,0.4185392558574677,UNCHECKED,40223859,
q6d3.00,SIMPLA NIGHT S2/320902 standard size connector drainage bags+non return valve x10,5,,q6d3.00,0.14243850111961365,UNCHECKED,19086491,
g429.00,CLOTRIMAZOLE 1% cream,5,,g429.00,0.6051532030105591,UNCHECKED,40026931,
l35z.00,GENTAMICIN+HYDROCORTISONE ACETATE 0.3%/1% ear drops,5,,l35z.00,0.3148748278617859,UNCHECKED,19133287,
dr2w.00,ORPHENADRINE 50mg/5mL syrup,5,,dr2w.00,0.7115163207054138,UNCHECKED,40222998,
bh62.00,DOXAZOSIN 2mg tablets,5,,bh62.00,0.7172427177429199,UNCHECKED,1363058,
ph7c.00,GLUCOMEN FINE 0.45mm(26gauge) lancet,5,,ph7c.00,0.2900541424751282,UNCHECKED,46221303,
bxdz.00,SIMVASTATIN 80mg tablets,5,,bxdz.00,0.7986376285552979,UNCHECKED,19023563,
gh72.00,TADALAFIL 20mg tablets,5,,gh72.00,0.8028379082679749,UNCHECKED,19102192,
h323.00,EFUDIX 5% cream,5,,h323.00,0.5047659277915955,UNCHECKED,19047418,
ip...00,VITAMIN D,5,,ip...00,1.0,UNCHECKED,19009405,
j28B.00,IBUPROFEN 800mg m/r tablets,5,,j28B.00,0.5668926239013672,UNCHECKED,19019074,
bh61.00,DOXAZOSIN 1mg tablets,5,,bh61.00,0.7223507761955261,UNCHECKED,1363057,
bb1y.00,AMIODARONE HYDROCHLORIDE 200mg tablets,5,,bb1y.00,0.8807591795921326,UNCHECKED,1309992,
g42y.00,CLOTRIMAZOLE 500mg vaginal tablets,5,,g42y.00,0.8984337449073792,UNCHECKED,783329,
puhp.00,ONE TOUCH ULTRA blood glucose testing strip,5,,puhp.00,0.2969318628311157,UNCHECKED,21046290,
puhy.00,GLUCOMEN VISIO SENSOR blood glucose testing strip,5,,puhy.00,0.3431380093097687,UNCHECKED,40045808,
k8f6.00,TIMOLOL 0.5% eye drops 0.25mL unit dose dispenser,5,,k8f6.00,0.4055012464523315,UNCHECKED,19029879,
scGc.00,WELLAND FREESTYLE VIE 38mm/PLD 538 pre-cut large ileobags,5,,scGc.00,0.127695694565773,UNCHECKED,43012164,
a6e2.00,*PROTIUM 40mg e/c tablets,5,,a6e2.00,0.22838038206100464,UNCHECKED,19016797,
gg31.00,SYLK vaginal gel 40g,5,,gg31.00,0.4684172570705414,UNCHECKED,43745035,
sgh1.00,CAVILON NO STING 3346P barrier film spray,5,,sgh1.00,0.2422580569982529,UNCHECKED,40167245,
